{
  "status": "FAIL",
  "metrics": {
    "fatal_error_count": 0.0,
    "alpha_world": 0.9,
    "alpha_self": 0.3,
    "warmup_harm_events": 753.0,
    "warmup_benefit_events": 131.0,
    "n_empty_steps_collected": 4916.0,
    "event_selectivity_margin": 0.07240054148370365,
    "mean_dz_world_none": 0.0720881645269692,
    "mean_dz_world_env_hazard": 0.14448870601067285,
    "mean_dz_world_agent_hazard": 0.09422153689451895,
    "e2w_1step_mse": 0.00025196115730932435,
    "identity_baseline_mse": 0.0002526972144174238,
    "e2w_improvement_ratio": 1.00292131182425,
    "reafference_r2_train": -0.049353599548339844,
    "reafference_r2_test": 0.021492958068847656,
    "variance_stable": 1.7022450911960078e-07,
    "variance_perturbed": 1.9873950582006791e-07,
    "precision_stable": 854536.8792116084,
    "precision_perturbed": 834209.5969515009,
    "mean_pred_err_stable": 0.0006898034308112542,
    "mean_pred_err_perturbed": 0.0007569235987015798,
    "var_diff": 2.851499670046713e-08,
    "calibration_gap": 0.0008892323848770101,
    "mean_causal_sig_near_hazard": 0.0011392443491320306,
    "mean_causal_sig_safe": 0.0002500119642550204,
    "n_near_hazard_probes": 203.0,
    "n_safe_probes": 476.0,
    "net_eval_pred_std": 0.024134743958711624,
    "probe_num_hazards": 6.0,
    "probe_min_dist_safe": 2.0,
    "crit1_pass": 1.0,
    "crit2_pass": 0.0,
    "crit3_pass": 0.0,
    "crit4_pass": 0.0,
    "criteria_met": 2.0
  },
  "summary_markdown": "# V3-EXQ-024 \u2014 E2_world 1-Step Loss + Fixed SD-003 Probe\n\n**Status:** FAIL\n**alpha_world:** 0.9  (SD-008 fix, same as EXQ-023)\n**E2W_1STEP_WEIGHT:** 1.0  (KEY FIX: direct 1-step loss added)\n**E2W_ROLLOUT_WEIGHT:** 0.5  (5-step rollout kept as auxiliary)\n**Probe env:** 6 hazards, min_dist > 2  (FIX: was 15 hazards, min_dist > 3)\n**Seed:** 0\n\n## Motivation (from EXQ-023 diagnosis)\n\nTwo problems diagnosed from EXQ-023:\n\n1. **E2_world worse than identity baseline**: With 5-step rollout on random policy,\n   ~50% wall collisions produce unpredictable 5-step outcomes.\n   EXQ-023 identity_MSE = 0.000162; reported E2_world MSE = 0.0006\u20130.0008 (4\u20137\u00d7 worse).\n   Fix: add 1-step direct loss `MSE(E2.world_forward(z_world_t, a_t), z_world_t+1)`.\n\n2. **Probe geometry broken at 15 hazards**: 15 \u00d7 ~25 cells exclusion = ~375 on 144 grid.\n   Only 27\u201359 safe cells \u2014 measuring near-hazard vs near-hazard.\n   Fix: probe_env with 6 hazards + min_dist > 2.\n\n## E2_world Quality\n\n| Metric | Value |\n|---|---|\n| 1-step MSE | 0.00025 |\n| Identity baseline MSE | 0.00025 |\n| Improvement ratio | 1.00\u00d7 |\n\n## Event Selectivity\n\n| Event Type | mean \u0394z_world |\n|---|---|\n| none (locomotion) | 0.0721 |\n| env_caused_hazard | 0.1445 |\n| agent_caused_hazard | 0.0942 |\n| **selectivity margin** | **0.0724** |\n\n## ARC-016 Precision Dynamics\n\n| Condition | mean_pred_err | variance | precision |\n|---|---|---|---|\n| stable (drift=0.1) | 0.00069 | 0.00000 | 854536.88 |\n| perturbed (drift=0.9) | 0.00076 | 0.00000 | 834209.60 |\n| **var_diff** | \u2014 | **0.00000** | \u2014 |\n\n## SD-003 Attribution\n\n| Position | mean(causal_sig) |\n|---|---|\n| Near-hazard | 0.0011 |\n| Safe (min_dist > 2) | 0.0003 |\n| **calibration_gap** | **0.0009** |\n\nn_near=203  n_safe=476\n\n## PASS Criteria\n\n| Criterion | Result | Value |\n|---|---|---|\n| C1: event_selectivity_margin > 0.005 | PASS | 0.0724 |\n| C2: e2w_improvement_ratio > 2.0\u00d7 | FAIL | 1.00\u00d7 |\n| C3: var_diff > 0.001 (ARC-016) | FAIL | 0.00000 |\n| C4: calibration_gap > 0.05 (SD-003) | FAIL | 0.0009 |\n| C5: No fatal errors | PASS | 0 |\n\nCriteria met: 2/5 \u2192 **FAIL**\n\n## Failure Notes\n\n- C2 FAIL: e2w_improvement_ratio=1.00x <= 2.0 (1-step MSE=0.00025, identity=0.00025)\n- C3 FAIL: var_diff=0.00000 <= 0.001\n- C4 FAIL: calibration_gap=0.0009 <= 0.05\n",
  "claim_ids": [
    "SD-003",
    "SD-008",
    "ARC-016"
  ],
  "evidence_direction": "weakens",
  "experiment_type": "v3_exq_024_e2w_1step_loss",
  "fatal_error_count": 0,
  "run_timestamp": "20260318T031712Z",
  "claim": "SD-003",
  "verdict": "FAIL",
  "run_id": "v3_exq_024_e2w_1step_loss_20260318T031712Z_v3",
  "architecture_epoch": "ree_hybrid_guardrails_v1"
}
